ID,Pre-Exp Factor Coeff,Pre-Exp Factor Power,Activation Energy,Reactant 1,Reactant 2,Reactant 3,Product 1,Product 2,Product 3
4,3.61,15,-1935609,https://cactus.nci.nih.gov/chemical/structure/CCl3OBr/smiles,,,[None],https://cactus.nci.nih.gov/chemical/structure/CCl3O/smiles,
5,9.2,15,-324514,https://cactus.nci.nih.gov/chemical/structure/CCl3OBr/smiles,,,https://cactus.nci.nih.gov/chemical/structure/%28.%29CCl3/smiles,https://cactus.nci.nih.gov/chemical/structure/BrO/smiles,
6,1.21,16,-305141,https://cactus.nci.nih.gov/chemical/structure/CBr3OCl/smiles,,,https://cactus.nci.nih.gov/chemical/structure/CBr3/smiles,https://cactus.nci.nih.gov/chemical/structure/ClO/smiles,
7,4.71,15,-186078,https://cactus.nci.nih.gov/chemical/structure/CBr3OCl/smiles,,,[None],[None],
9,4.4,15,-81149,https://cactus.nci.nih.gov/chemical/structure/Al%28CH3%29Al%28CH3%292/smiles,,,https://cactus.nci.nih.gov/chemical/structure/Al%28CH3%293/smiles,[None],
14,3.65,-19,-74290,https://cactus.nci.nih.gov/chemical/structure/CH3CHBrO%28%28.%29%29/smiles,,,https://cactus.nci.nih.gov/chemical/structure/CH3CBr%28OH%29%28%28.%29%29/smiles,,
53,1.5,14,-112245,[None],,,https://cactus.nci.nih.gov/chemical/structure/CH2%3DCHSi%28CH3%293/smiles,[None],
54,4.8,18,-139683,[None],,,https://cactus.nci.nih.gov/chemical/structure/CH2%3DCHSi%28CH3%293/smiles,[None],
55,2.9,16,-139683,[None],,,https://cactus.nci.nih.gov/chemical/structure/CH2%3DCHSi%28CH3%293/smiles,[None],
115,4.57,13,-202873,https://cactus.nci.nih.gov/chemical/structure/n-C3H7SiH2SiH3/smiles,,,[None],https://cactus.nci.nih.gov/chemical/structure/CH3CH2CH2SiH/smiles,
116,1.82,15,-212850,https://cactus.nci.nih.gov/chemical/structure/n-C3H7SiH2SiH3/smiles,,,[None],https://cactus.nci.nih.gov/chemical/structure/n-C3H7SiH3/smiles,
192,4,13,-38247,https://cactus.nci.nih.gov/chemical/structure/CCl3O/smiles,,,https://cactus.nci.nih.gov/chemical/structure/COCl2/smiles,[None],
193,4,13,-38247,https://cactus.nci.nih.gov/chemical/structure/CCl3O/smiles,,,https://cactus.nci.nih.gov/chemical/structure/COCl2/smiles,[None],
194,4,13,-38247,https://cactus.nci.nih.gov/chemical/structure/CCl3O/smiles,,,https://cactus.nci.nih.gov/chemical/structure/COCl2/smiles,[None],
212,1.58,16,-309298,https://cactus.nci.nih.gov/chemical/structure/%28CH3%293SiCH2C%28CH3%293/smiles,,,[None],https://cactus.nci.nih.gov/chemical/structure/%28CH3%293Si%28.%29/smiles,
223,5.01,11,-175435,https://cactus.nci.nih.gov/chemical/structure/CH3O%28n-C3H7%29%28CH3%29SiSi%28CH3%293/smiles,,,https://cactus.nci.nih.gov/chemical/structure/%28CH3%293SiOCH3/smiles,https://cactus.nci.nih.gov/chemical/structure/%28n-C3H7%29%28CH3%29Si/smiles,
235,5.12,-6,-53944,https://cactus.nci.nih.gov/chemical/structure/Cl%28ClO2%29/smiles,,,https://cactus.nci.nih.gov/chemical/structure/ClO/smiles,https://cactus.nci.nih.gov/chemical/structure/ClO/smiles,
236,5.12,-6,-53944,https://cactus.nci.nih.gov/chemical/structure/Cl%28ClO2%29/smiles,,,https://cactus.nci.nih.gov/chemical/structure/ClO/smiles,https://cactus.nci.nih.gov/chemical/structure/ClO/smiles,
237,5.55,16,-53828,https://cactus.nci.nih.gov/chemical/structure/Cl%28ClO2%29/smiles,,,https://cactus.nci.nih.gov/chemical/structure/ClO/smiles,https://cactus.nci.nih.gov/chemical/structure/ClO/smiles,
238,5.55,16,-53828,https://cactus.nci.nih.gov/chemical/structure/Cl%28ClO2%29/smiles,,,https://cactus.nci.nih.gov/chemical/structure/ClO/smiles,https://cactus.nci.nih.gov/chemical/structure/ClO/smiles,
239,9.15,15,-317280,https://cactus.nci.nih.gov/chemical/structure/CBr3OBr/smiles,,,https://cactus.nci.nih.gov/chemical/structure/CBr3/smiles,https://cactus.nci.nih.gov/chemical/structure/BrO/smiles,
240,3.21,15,-169948,https://cactus.nci.nih.gov/chemical/structure/CBr3OBr/smiles,,,[None],[None],
259,1.58,16,-220334,https://cactus.nci.nih.gov/chemical/structure/%28CH3%293SiSiH3/smiles,,,https://cactus.nci.nih.gov/chemical/structure/%28CH3%293SiH/smiles,https://cactus.nci.nih.gov/chemical/structure/SiH2/smiles,
260,3.02,14,-201210,https://cactus.nci.nih.gov/chemical/structure/%28CH3%293SiSiH3/smiles,,,https://cactus.nci.nih.gov/chemical/structure/%28CH3%293SiH/smiles,https://cactus.nci.nih.gov/chemical/structure/SiH2/smiles,
268,2,12,-119728,https://cactus.nci.nih.gov/chemical/structure/%28CH3%293SiSiH%3DCH2/smiles,,,https://cactus.nci.nih.gov/chemical/structure/%28CH3%293SiCH2Si%28H%29%3A/smiles,,
269,3.16,13,-169615,https://cactus.nci.nih.gov/chemical/structure/%28CH3%293SiSiH%3DCH2/smiles,,,https://cactus.nci.nih.gov/chemical/structure/%28CH3%293SiSi%28CH3%29/smiles,,
270,3.98,12,-144672,https://cactus.nci.nih.gov/chemical/structure/%28CH3%293SiCH2Si%28H%29%3A/smiles,,,[None],,
271,3.16,13,-136357,https://cactus.nci.nih.gov/chemical/structure/%28CH3%293SiCH2Si%28H%29%3A/smiles,,,[None],,
272,3.98,12,-94785,https://cactus.nci.nih.gov/chemical/structure/%28CH3%292SiHCH2Si%28CH3%29%3A/smiles,,,[None],,
273,3.16,13,-136357,https://cactus.nci.nih.gov/chemical/structure/%28CH3%292SiHCH2Si%28CH3%29%3A/smiles,,,[None],,
274,3,13,-43651,https://cactus.nci.nih.gov/chemical/structure/CFCl2O/smiles,,,https://cactus.nci.nih.gov/chemical/structure/COClF/smiles,[None],
275,3,13,-43651,https://cactus.nci.nih.gov/chemical/structure/CFCl2O/smiles,,,https://cactus.nci.nih.gov/chemical/structure/COClF/smiles,[None],
276,2.47,5,-1796,https://cactus.nci.nih.gov/chemical/structure/CFCl2O/smiles,,,https://cactus.nci.nih.gov/chemical/structure/COClF/smiles,[None],
289,2.9,-3,-119670,https://cactus.nci.nih.gov/chemical/structure/CCl2%3DCCl/smiles,,,https://cactus.nci.nih.gov/chemical/structure/ClC%E2%89%A1CCl/smiles,[None],
290,3.15,-3,-120535,https://cactus.nci.nih.gov/chemical/structure/CCl2%3DCCl/smiles,,,https://cactus.nci.nih.gov/chemical/structure/ClC%E2%89%A1CCl/smiles,[None],
291,1.36,10,-94577,https://cactus.nci.nih.gov/chemical/structure/CCl2%3DCCl/smiles,,,https://cactus.nci.nih.gov/chemical/structure/ClC%E2%89%A1CCl/smiles,[None],
292,1.81,10,-93089,https://cactus.nci.nih.gov/chemical/structure/CCl2%3DCCl/smiles,,,https://cactus.nci.nih.gov/chemical/structure/ClC%E2%89%A1CCl/smiles,[None],
293,5.37,9,-95650,https://cactus.nci.nih.gov/chemical/structure/CCl2%3DCCl/smiles,,,https://cactus.nci.nih.gov/chemical/structure/ClC%E2%89%A1CCl/smiles,[None],
294,7.1,13,-113285,https://cactus.nci.nih.gov/chemical/structure/CCl2%3DCCl/smiles,,,https://cactus.nci.nih.gov/chemical/structure/ClC%E2%89%A1CCl/smiles,[None],
295,7.03,9,-89846,https://cactus.nci.nih.gov/chemical/structure/CCl2%3DCCl/smiles,,,https://cactus.nci.nih.gov/chemical/structure/ClC%E2%89%A1CCl/smiles,[None],
296,5.73,9,-93272,https://cactus.nci.nih.gov/chemical/structure/CCl2%3DCCl/smiles,,,https://cactus.nci.nih.gov/chemical/structure/ClC%E2%89%A1CCl/smiles,[None],
310,3.2,13,-108920,https://cactus.nci.nih.gov/chemical/structure/CHCl2CH2%28.%29/smiles,,,https://cactus.nci.nih.gov/chemical/structure/CH2%3DCHCl/smiles,[None],
313,2.68,-2,-106575,https://cactus.nci.nih.gov/chemical/structure/ClClO/smiles,,,https://cactus.nci.nih.gov/chemical/structure/ClO/smiles,[None],
314,6.78,-7,-74481,https://cactus.nci.nih.gov/chemical/structure/ClClO/smiles,,,https://cactus.nci.nih.gov/chemical/structure/ClO/smiles,[None],
315,7.59,14,-70399,https://cactus.nci.nih.gov/chemical/structure/ClClO/smiles,,,https://cactus.nci.nih.gov/chemical/structure/ClO/smiles,[None],
342,3.98,13,-206199,https://cactus.nci.nih.gov/chemical/structure/CH3%28CH2%294CHClCHCl%28CH2%294CH3/smiles,,,[None],https://cactus.nci.nih.gov/chemical/structure/HCl/smiles,
390,5.53,17,-64520,https://cactus.nci.nih.gov/chemical/structure/H3SiO%28%28.%29%29/smiles,,,https://cactus.nci.nih.gov/chemical/structure/H2Si%28%28.%29%29OH/smiles,,
508,2.18,5,-259408,https://cactus.nci.nih.gov/chemical/structure/CF2BrCF2CH3/smiles,,,https://cactus.nci.nih.gov/chemical/structure/CF3CFBrCH3/smiles,,
515,1.87,14,-257358,https://cactus.nci.nih.gov/chemical/structure/SiH2Cl/smiles,,,https://cactus.nci.nih.gov/chemical/structure/HCl/smiles,https://cactus.nci.nih.gov/chemical/structure/SiH/smiles,
550,3.16,13,-169615,https://cactus.nci.nih.gov/chemical/structure/%28CH3%293SiSi%28CH3%29/smiles,,,https://cactus.nci.nih.gov/chemical/structure/%28CH3%293SiSiH%3DCH2/smiles,,
551,3.98,12,-164627,https://cactus.nci.nih.gov/chemical/structure/%28CH3%293SiSi%28CH3%29/smiles,,,[None],,
552,1,14,-198716,[None],,,https://cactus.nci.nih.gov/chemical/structure/%28CH3%293SiCH2Si%28H%29%3A/smiles,,
553,1,13,-114740,[None],,,https://cactus.nci.nih.gov/chemical/structure/%28CH3%292SiHCH2Si%28CH3%29%3A/smiles,,
554,1,14,-217839,[None],,,https://cactus.nci.nih.gov/chemical/structure/%28CH3%293SiSi%28CH3%29/smiles,,
562,3.51,13,-357690,https://cactus.nci.nih.gov/chemical/structure/SiHCl2/smiles,,,https://cactus.nci.nih.gov/chemical/structure/HCl/smiles,[None],
645,2.44,21,-237794,https://cactus.nci.nih.gov/chemical/structure/HSi%28O%29OH/smiles,,,https://cactus.nci.nih.gov/chemical/structure/%3ASi%28OH%292/smiles,,
723,1.32,13,-35000,[None],,,https://cactus.nci.nih.gov/chemical/structure/%28%26middot%29CH2%28CH2%293CHO/smiles,,
767,1.21,16,-312375,https://cactus.nci.nih.gov/chemical/structure/CCl3OCl/smiles,,,https://cactus.nci.nih.gov/chemical/structure/%28.%29CCl3/smiles,https://cactus.nci.nih.gov/chemical/structure/ClO/smiles,
792,4.09,7,-9728,https://cactus.nci.nih.gov/chemical/structure/H3SiSiH/smiles,,,https://cactus.nci.nih.gov/chemical/structure/SiH2%3DSiH2/smiles,,
793,5.5,12,-23281,https://cactus.nci.nih.gov/chemical/structure/H3SiSiH/smiles,,,https://cactus.nci.nih.gov/chemical/structure/SiH2%3DSiH2/smiles,,
794,5.17,-5,-43263,https://cactus.nci.nih.gov/chemical/structure/H3SiSiH/smiles,,,https://cactus.nci.nih.gov/chemical/structure/SiH2%3DSiH2/smiles,,
795,1.7,-4,-43706,https://cactus.nci.nih.gov/chemical/structure/H3SiSiH/smiles,,,https://cactus.nci.nih.gov/chemical/structure/SiH2%3DSiH2/smiles,,
796,1.16,-4,-43225,https://cactus.nci.nih.gov/chemical/structure/H3SiSiH/smiles,,,https://cactus.nci.nih.gov/chemical/structure/SiH2%3DSiH2/smiles,,
797,7.9,12,-22215,https://cactus.nci.nih.gov/chemical/structure/H3SiSiH/smiles,,,https://cactus.nci.nih.gov/chemical/structure/SiH2%3DSiH2/smiles,,
798,6.31,12,-122223,https://cactus.nci.nih.gov/chemical/structure/H3SiSiH/smiles,,,https://cactus.nci.nih.gov/chemical/structure/SiH2%3DSiH2/smiles,,
799,1.13,-7,-235488,https://cactus.nci.nih.gov/chemical/structure/H3SiSiH/smiles,,,https://cactus.nci.nih.gov/chemical/structure/SiH2/smiles,https://cactus.nci.nih.gov/chemical/structure/SiH2/smiles,
800,2.46,-7,-235421,https://cactus.nci.nih.gov/chemical/structure/H3SiSiH/smiles,,,https://cactus.nci.nih.gov/chemical/structure/SiH2/smiles,https://cactus.nci.nih.gov/chemical/structure/SiH2/smiles,
801,3.61,-7,-235902,https://cactus.nci.nih.gov/chemical/structure/H3SiSiH/smiles,,,https://cactus.nci.nih.gov/chemical/structure/SiH2/smiles,https://cactus.nci.nih.gov/chemical/structure/SiH2/smiles,
802,2.65,-7,-273056,https://cactus.nci.nih.gov/chemical/structure/H3SiSiH/smiles,,,https://cactus.nci.nih.gov/chemical/structure/SiH3/smiles,https://cactus.nci.nih.gov/chemical/structure/SiH/smiles,
803,4.41,-7,-272115,https://cactus.nci.nih.gov/chemical/structure/H3SiSiH/smiles,,,https://cactus.nci.nih.gov/chemical/structure/SiH3/smiles,https://cactus.nci.nih.gov/chemical/structure/SiH/smiles,
804,8.06,-7,-273479,https://cactus.nci.nih.gov/chemical/structure/H3SiSiH/smiles,,,https://cactus.nci.nih.gov/chemical/structure/SiH3/smiles,https://cactus.nci.nih.gov/chemical/structure/SiH/smiles,
805,2.18,15,-271709,https://cactus.nci.nih.gov/chemical/structure/H3SiSiH/smiles,,,https://cactus.nci.nih.gov/chemical/structure/SiH3/smiles,https://cactus.nci.nih.gov/chemical/structure/SiH/smiles,
806,1.62,-7,-175238,https://cactus.nci.nih.gov/chemical/structure/H3SiSiH/smiles,,,[None],https://cactus.nci.nih.gov/chemical/structure/SiH4/smiles,
807,3.71,-7,-175167,https://cactus.nci.nih.gov/chemical/structure/H3SiSiH/smiles,,,[None],https://cactus.nci.nih.gov/chemical/structure/SiH4/smiles,
808,5.15,-7,-175649,https://cactus.nci.nih.gov/chemical/structure/H3SiSiH/smiles,,,[None],https://cactus.nci.nih.gov/chemical/structure/SiH4/smiles,
809,2.07,14,-170849,https://cactus.nci.nih.gov/chemical/structure/H3SiSiH/smiles,,,[None],https://cactus.nci.nih.gov/chemical/structure/SiH4/smiles,
831,2,11,-150492,https://cactus.nci.nih.gov/chemical/structure/CH3%28CH2%297CCl%28CH3%29CH2CH3/smiles,,,[None],https://cactus.nci.nih.gov/chemical/structure/HCl/smiles,
910,3.16,13,-255254,[None],,,https://cactus.nci.nih.gov/chemical/structure/%28CH3%293SiCH2Si%28H%29%3A/smiles,,
922,1.9,-1,-127211,https://cactus.nci.nih.gov/chemical/structure/CH2%3DSiHCH3/smiles,,,https://cactus.nci.nih.gov/chemical/structure/%28CH3%292Si/smiles,,
961,2,12,-89796,https://cactus.nci.nih.gov/chemical/structure/%28CH3%293SiSi%28CH3%292CH2/smiles,,,https://cactus.nci.nih.gov/chemical/structure/%28CH3%293SiCH2Si%28CH3%292/smiles,,
962,3.98,14,-212019,https://cactus.nci.nih.gov/chemical/structure/%28CH3%293SiSi%28CH3%292CH2/smiles,,,https://cactus.nci.nih.gov/chemical/structure/%28CH3%292Si%3DCH2/smiles,https://cactus.nci.nih.gov/chemical/structure/%28CH3%293Si%28.%29/smiles,
965,9.33,11,-177930,https://cactus.nci.nih.gov/chemical/structure/%28CH3%293SiCH%28C6H5%29CH%3DCH2/smiles,,,https://cactus.nci.nih.gov/chemical/structure/%28CH3%293SiCH2CH%3DCH%28C6H5%29/smiles,,
966,9.33,11,-177930,https://cactus.nci.nih.gov/chemical/structure/%28CH3%293SiCH%28C6H5%29CH%3DCH2/smiles,,,https://cactus.nci.nih.gov/chemical/structure/%28CH3%293SiCH2CH%3DCH%28C6H5%29/smiles,,
967,1.55,12,-197884,https://cactus.nci.nih.gov/chemical/structure/C6H5%28CH3%292SiCH%28CH3%29CH%3DCH2/smiles,,,https://cactus.nci.nih.gov/chemical/structure/C6H5%28CH3%292Si-CH2-CH%3DCHCH3/smiles,,
968,1.55,12,-197884,https://cactus.nci.nih.gov/chemical/structure/C6H5%28CH3%292SiCH%28CH3%29CH%3DCH2/smiles,,,https://cactus.nci.nih.gov/chemical/structure/C6H5%28CH3%292Si-CH2-CH%3DCHCH3/smiles,,
1043,2.09,12,-199547,https://cactus.nci.nih.gov/chemical/structure/%28CH3%293SiCH%28CH3%29CH%3DCH2/smiles,,,https://cactus.nci.nih.gov/chemical/structure/%28CH3%293SiCH2CH%3DCHCH3/smiles,,
1044,2.09,12,-199547,https://cactus.nci.nih.gov/chemical/structure/%28CH3%293SiCH%28CH3%29CH%3DCH2/smiles,,,https://cactus.nci.nih.gov/chemical/structure/%28CH3%293SiCH2CH%3DCHCH3/smiles,,
1057,3.39,13,-141346,[None],,,https://cactus.nci.nih.gov/chemical/structure/CH2%3DCBrCH%3DCH2/smiles,,
1058,2.51,15,-282692,https://cactus.nci.nih.gov/chemical/structure/%28CH3%292SiH%28CH2%293CH%3DCH2/smiles,,,https://cactus.nci.nih.gov/chemical/structure/CH2%3DCHCH2CH2CH2%26middot/smiles,https://cactus.nci.nih.gov/chemical/structure/%28CH3%292SiH%28.%29/smiles,
1092,1.78,14,-207030,https://cactus.nci.nih.gov/chemical/structure/CH3%28CH2%294CHClCH2CHCl%28CH2%293CH3/smiles,,,[None],https://cactus.nci.nih.gov/chemical/structure/HCl/smiles,
1116,8.71,12,-187076,https://cactus.nci.nih.gov/chemical/structure/CH3CHBrCH2CH%3DCH2/smiles,,,[None],https://cactus.nci.nih.gov/chemical/structure/HBr/smiles,
1123,3,13,-40408,https://cactus.nci.nih.gov/chemical/structure/C2Cl5O/smiles,,,https://cactus.nci.nih.gov/chemical/structure/CCl3COCl/smiles,[None],
1127,2.2,11,-92801,https://cactus.nci.nih.gov/chemical/structure/CH2ClCH2O/smiles,,,https://cactus.nci.nih.gov/chemical/structure/CHClCH2OH/smiles,,
1130,1,11,-33890,https://cactus.nci.nih.gov/chemical/structure/CH3C%28%3A%29Cl/smiles,,,https://cactus.nci.nih.gov/chemical/structure/CH2%3DCHCl/smiles,,
1149,1,13,-146335,https://cactus.nci.nih.gov/chemical/structure/%28n-C3H7%29-O-O-%28n-C3H7%29/smiles,,,https://cactus.nci.nih.gov/chemical/structure/n-C3H7O/smiles,https://cactus.nci.nih.gov/chemical/structure/n-C3H7O/smiles,
1150,1.42,15,-150492,https://cactus.nci.nih.gov/chemical/structure/%28n-C3H7%29-O-O-%28n-C3H7%29/smiles,,,https://cactus.nci.nih.gov/chemical/structure/n-C3H7O/smiles,https://cactus.nci.nih.gov/chemical/structure/n-C3H7O/smiles,
1154,3.98,12,-187907,[None],,,[None],https://cactus.nci.nih.gov/chemical/structure/HCl/smiles,
1285,1.66,12,-186244,https://cactus.nci.nih.gov/chemical/structure/CH3CHClCH2C%28O%29CH3/smiles,,,[None],https://cactus.nci.nih.gov/chemical/structure/HCl/smiles,
1289,1,15,-191233,https://cactus.nci.nih.gov/chemical/structure/%28CH3%293SiCH2Si%28CH3%292/smiles,,,https://cactus.nci.nih.gov/chemical/structure/%28CH3%292Si%3DCH2/smiles,https://cactus.nci.nih.gov/chemical/structure/%28CH3%293Si%28.%29/smiles,
1295,1.05,14,-238697,https://cactus.nci.nih.gov/chemical/structure/CH3CCl2F/smiles,,,https://cactus.nci.nih.gov/chemical/structure/CH2%3DCFCl/smiles,https://cactus.nci.nih.gov/chemical/structure/HCl/smiles,
1296,3.85,11,-197053,https://cactus.nci.nih.gov/chemical/structure/CH3CCl2F/smiles,,,https://cactus.nci.nih.gov/chemical/structure/CH2%3DCFCl/smiles,https://cactus.nci.nih.gov/chemical/structure/HCl/smiles,
1308,1.26,9,-125549,https://cactus.nci.nih.gov/chemical/structure/%28C6H5%293SiCH%28C6H5%29OC%28O%29CH3/smiles,,,https://cactus.nci.nih.gov/chemical/structure/%28C6H5%292Si%28OCOCH3%29CH%28C6H5%292/smiles,,
1341,3.98,11,-68594,https://cactus.nci.nih.gov/chemical/structure/CCl3CHCl/smiles,,,https://cactus.nci.nih.gov/chemical/structure/C2HCl3/smiles,[None],
1342,5.01,11,-85639,https://cactus.nci.nih.gov/chemical/structure/CCl3CHCl/smiles,,,https://cactus.nci.nih.gov/chemical/structure/C2HCl3/smiles,[None],
1343,2.51,13,-69842,https://cactus.nci.nih.gov/chemical/structure/CCl3CHCl/smiles,,,https://cactus.nci.nih.gov/chemical/structure/C2HCl3/smiles,[None],
1344,2.51,13,-69842,https://cactus.nci.nih.gov/chemical/structure/CHCl2C%28%28.%29%29Cl2/smiles,,,https://cactus.nci.nih.gov/chemical/structure/C2HCl3/smiles,[None],
1345,6.5,13,-82978,https://cactus.nci.nih.gov/chemical/structure/CH2ClCHCl%28.%29/smiles,,,https://cactus.nci.nih.gov/chemical/structure/CH2%3DCHCl/smiles,[None],
1346,6.5,13,-82978,https://cactus.nci.nih.gov/chemical/structure/CH2ClCHCl%28.%29/smiles,,,https://cactus.nci.nih.gov/chemical/structure/CH2%3DCHCl/smiles,[None],
1347,2,14,-83976,https://cactus.nci.nih.gov/chemical/structure/CH2ClCHCl%28.%29/smiles,,,https://cactus.nci.nih.gov/chemical/structure/CH2%3DCHCl/smiles,[None],
1348,2.14,14,-86471,https://cactus.nci.nih.gov/chemical/structure/CH2ClCHCl%28.%29/smiles,,,https://cactus.nci.nih.gov/chemical/structure/CH2%3DCHCl/smiles,[None],
1349,1,13,-88133,https://cactus.nci.nih.gov/chemical/structure/CH2ClCHCl%28.%29/smiles,,,https://cactus.nci.nih.gov/chemical/structure/CH2%3DCHCl/smiles,[None],
1350,1.66,-14,-92291,https://cactus.nci.nih.gov/chemical/structure/CH2ClCHCl%28.%29/smiles,,,[None],https://cactus.nci.nih.gov/chemical/structure/HCl/smiles,
1363,4.3,6,-110582,https://cactus.nci.nih.gov/chemical/structure/C2H5CH%28CH2Cl%292/smiles,,,https://cactus.nci.nih.gov/chemical/structure/HCl/smiles,https://cactus.nci.nih.gov/chemical/structure/CH2%3DC%28CH2Cl%29CH2CH3/smiles,
1364,4.8,11,-163795,https://cactus.nci.nih.gov/chemical/structure/C2H5CCl%28CH3%29CH2Cl/smiles,,,[None],https://cactus.nci.nih.gov/chemical/structure/HCl/smiles,
1371,3.16,13,-179593,https://cactus.nci.nih.gov/chemical/structure/%28CH3%292Si%3DSi%28CH3%292/smiles,,,https://cactus.nci.nih.gov/chemical/structure/%28CH3%293SiSi%28CH3%29/smiles,,
1375,1.54,-11,-4490,[None],,,https://cactus.nci.nih.gov/chemical/structure/CH2DCDCl%28.%29/smiles,https://cactus.nci.nih.gov/chemical/structure/DCl/smiles,
1376,9.4,-1,8223,[None],,,https://cactus.nci.nih.gov/chemical/structure/CH2DCDCl%28.%29/smiles,https://cactus.nci.nih.gov/chemical/structure/DCl/smiles,
1377,6.09,-10,-6477,[None],,,https://cactus.nci.nih.gov/chemical/structure/CFCl2CH2O%28.%29/smiles,https://cactus.nci.nih.gov/chemical/structure/ClO/smiles,
1378,2.14,-11,-3326,[None],,,https://cactus.nci.nih.gov/chemical/structure/CHD2CHCl%28.%29/smiles,https://cactus.nci.nih.gov/chemical/structure/HCl/smiles,
1379,2.6,-2,9395,[None],,,https://cactus.nci.nih.gov/chemical/structure/CHD2CHCl%28.%29/smiles,https://cactus.nci.nih.gov/chemical/structure/HCl/smiles,
1380,1.02,-11,-9811,[None],,,https://cactus.nci.nih.gov/chemical/structure/%28.%29CD2CHDCl/smiles,https://cactus.nci.nih.gov/chemical/structure/DCl/smiles,
1381,6.24,-1,2927,[None],,,https://cactus.nci.nih.gov/chemical/structure/%28.%29CD2CHDCl/smiles,https://cactus.nci.nih.gov/chemical/structure/DCl/smiles,
1382,1.5,-10,-6211,[None],,,[None],https://cactus.nci.nih.gov/chemical/structure/DCl/smiles,
1383,1.37,-10,831,[None],,,[None],https://cactus.nci.nih.gov/chemical/structure/DCl/smiles,
1384,1.73,-11,-9545,[None],,,https://cactus.nci.nih.gov/chemical/structure/CD2ClCDCl%28.%29/smiles,https://cactus.nci.nih.gov/chemical/structure/DCl/smiles,
1386,2.94,-14,-7400,[None],,,[None],https://cactus.nci.nih.gov/chemical/structure/HCl/smiles,
1387,9.51,-11,-5072,[None],,,[None],https://cactus.nci.nih.gov/chemical/structure/DCl/smiles,
1388,3.11,-12,-11890,[None],,,[None],https://cactus.nci.nih.gov/chemical/structure/HCl/smiles,
1389,6.76,-14,-5737,[None],,,[None],https://cactus.nci.nih.gov/chemical/structure/HCl/smiles,
1390,6.61,-12,-12887,[None],,,[None],https://cactus.nci.nih.gov/chemical/structure/NCl/smiles,
1391,6.61,-12,-12971,[None],,,[None],https://cactus.nci.nih.gov/chemical/structure/NCl/smiles,
1392,1.55,-11,-4490,[None],,,[None],https://cactus.nci.nih.gov/chemical/structure/DCl/smiles,
1393,9.44,-1,8231,[None],,,[None],https://cactus.nci.nih.gov/chemical/structure/DCl/smiles,
1394,1.55,-11,-4473,[None],,,https://cactus.nci.nih.gov/chemical/structure/CHD2CDCl%28.%29/smiles,https://cactus.nci.nih.gov/chemical/structure/DCl/smiles,
1395,9.44,-1,8231,[None],,,https://cactus.nci.nih.gov/chemical/structure/CHD2CDCl%28.%29/smiles,https://cactus.nci.nih.gov/chemical/structure/DCl/smiles,
1396,4.1,-44,-15990,[None],,,https://cactus.nci.nih.gov/chemical/structure/CF2ClCH2%28.%29/smiles,https://cactus.nci.nih.gov/chemical/structure/HCl/smiles,
1397,1,-12,-14966,[None],,,https://cactus.nci.nih.gov/chemical/structure/%28.%29CH2CCl2F/smiles,https://cactus.nci.nih.gov/chemical/structure/HCl/smiles,
1398,1.79,-12,-16629,[None],,,https://cactus.nci.nih.gov/chemical/structure/%28.%29CH2CCl2F/smiles,https://cactus.nci.nih.gov/chemical/structure/HCl/smiles,
1399,1,-12,-14966,[None],,,https://cactus.nci.nih.gov/chemical/structure/%28.%29CH2CCl2F/smiles,https://cactus.nci.nih.gov/chemical/structure/HCl/smiles,
1400,1,-12,-14966,[None],,,https://cactus.nci.nih.gov/chemical/structure/%28.%29CH2CCl2F/smiles,https://cactus.nci.nih.gov/chemical/structure/HCl/smiles,
1401,3.01,-12,-18458,[None],,,https://cactus.nci.nih.gov/chemical/structure/%28.%29CH2CCl2F/smiles,https://cactus.nci.nih.gov/chemical/structure/HCl/smiles,
1402,1.6,-12,-14966,[None],,,https://cactus.nci.nih.gov/chemical/structure/%28.%29CH2CCl2F/smiles,https://cactus.nci.nih.gov/chemical/structure/HCl/smiles,
1403,3.5,-43,-14026,[None],,,https://cactus.nci.nih.gov/chemical/structure/%28.%29CH2CCl2F/smiles,https://cactus.nci.nih.gov/chemical/structure/HCl/smiles,
1404,4.65,2,18375,[None],,,https://cactus.nci.nih.gov/chemical/structure/CHCl2CCl3/smiles,,
1405,2.14,-11,-3367,[None],,,[None],https://cactus.nci.nih.gov/chemical/structure/HCl/smiles,
1406,2.6,-2,9312,[None],,,[None],https://cactus.nci.nih.gov/chemical/structure/HCl/smiles,
1407,7.39,-45,-3367,[None],,,https://cactus.nci.nih.gov/chemical/structure/CH2DCHCl%28.%29/smiles,https://cactus.nci.nih.gov/chemical/structure/HCl/smiles,
1408,2.6,-2,9312,[None],,,https://cactus.nci.nih.gov/chemical/structure/CH2DCHCl%28.%29/smiles,https://cactus.nci.nih.gov/chemical/structure/HCl/smiles,
1494,5.53,-11,-23197,https://cactus.nci.nih.gov/chemical/structure/BCl/smiles,,,https://cactus.nci.nih.gov/chemical/structure/BCl/smiles,[None],
1500,1.26,13,-206199,https://cactus.nci.nih.gov/chemical/structure/SiHCl2SiH2Cl/smiles,,,https://cactus.nci.nih.gov/chemical/structure/SiH3Cl/smiles,[None],
1501,1.26,13,-212850,https://cactus.nci.nih.gov/chemical/structure/SiHCl2SiH2Cl/smiles,,,https://cactus.nci.nih.gov/chemical/structure/SiHCl3/smiles,https://cactus.nci.nih.gov/chemical/structure/SiH2/smiles,
1502,3.98,13,-196222,https://cactus.nci.nih.gov/chemical/structure/SiHCl2SiH2Cl/smiles,,,https://cactus.nci.nih.gov/chemical/structure/SiH2Cl2/smiles,https://cactus.nci.nih.gov/chemical/structure/SiHCl/smiles,
1504,6.31,13,-217839,https://cactus.nci.nih.gov/chemical/structure/H3Si-SiHCl2/smiles,,,https://cactus.nci.nih.gov/chemical/structure/SiH3Cl/smiles,https://cactus.nci.nih.gov/chemical/structure/SiHCl/smiles,
1505,2,13,-225322,https://cactus.nci.nih.gov/chemical/structure/H3Si-SiHCl2/smiles,,,https://cactus.nci.nih.gov/chemical/structure/SiH4/smiles,[None],
1506,1.26,14,-208693,https://cactus.nci.nih.gov/chemical/structure/H3Si-SiHCl2/smiles,,,https://cactus.nci.nih.gov/chemical/structure/SiH2Cl2/smiles,https://cactus.nci.nih.gov/chemical/structure/SiH2/smiles,
1584,1.58,-11,-3941,https://cactus.nci.nih.gov/chemical/structure/C2D5Cl/smiles,,,[None],https://cactus.nci.nih.gov/chemical/structure/DCl/smiles,
1585,7.21,-12,-3891,https://cactus.nci.nih.gov/chemical/structure/C2D5Cl/smiles,,,https://cactus.nci.nih.gov/chemical/structure/CD3CD%28%28.%29%29Cl/smiles,https://cactus.nci.nih.gov/chemical/structure/DCl/smiles,
1586,1.48,-11,-4357,https://cactus.nci.nih.gov/chemical/structure/C2D5Cl/smiles,,,https://cactus.nci.nih.gov/chemical/structure/CD3CD%28%28.%29%29Cl/smiles,https://cactus.nci.nih.gov/chemical/structure/DCl/smiles,
1587,4.36,-1,8813,https://cactus.nci.nih.gov/chemical/structure/C2D5Cl/smiles,,,https://cactus.nci.nih.gov/chemical/structure/CD3CD%28%28.%29%29Cl/smiles,https://cactus.nci.nih.gov/chemical/structure/DCl/smiles,
1588,6.1,-2,-5720,https://cactus.nci.nih.gov/chemical/structure/C2D5Cl/smiles,,,https://cactus.nci.nih.gov/chemical/structure/CD3CD%28%28.%29%29Cl/smiles,https://cactus.nci.nih.gov/chemical/structure/DCl/smiles,
1589,9.04,-1,8314,https://cactus.nci.nih.gov/chemical/structure/C2D5Cl/smiles,,,https://cactus.nci.nih.gov/chemical/structure/CD3CD%28%28.%29%29Cl/smiles,https://cactus.nci.nih.gov/chemical/structure/DCl/smiles,
1590,8.84,-13,1816,https://cactus.nci.nih.gov/chemical/structure/C2D5Cl/smiles,,,https://cactus.nci.nih.gov/chemical/structure/CD3CD%28%28.%29%29Cl/smiles,https://cactus.nci.nih.gov/chemical/structure/HCl/smiles,
1591,5.99,-12,-9645,https://cactus.nci.nih.gov/chemical/structure/C2D5Cl/smiles,,,https://cactus.nci.nih.gov/chemical/structure/%28.%29CD2CD2Cl/smiles,https://cactus.nci.nih.gov/chemical/structure/DCl/smiles,
1592,9.8,-12,-9312,https://cactus.nci.nih.gov/chemical/structure/C2D5Cl/smiles,,,https://cactus.nci.nih.gov/chemical/structure/%28.%29CD2CD2Cl/smiles,https://cactus.nci.nih.gov/chemical/structure/DCl/smiles,
1593,5.98,-1,3384,https://cactus.nci.nih.gov/chemical/structure/C2D5Cl/smiles,,,https://cactus.nci.nih.gov/chemical/structure/%28.%29CD2CD2Cl/smiles,https://cactus.nci.nih.gov/chemical/structure/DCl/smiles,
1594,2.27,-13,856,https://cactus.nci.nih.gov/chemical/structure/C2D5Cl/smiles,,,https://cactus.nci.nih.gov/chemical/structure/%28.%29CD2CD2Cl/smiles,https://cactus.nci.nih.gov/chemical/structure/HCl/smiles,
1595,4.69,-13,3351,https://cactus.nci.nih.gov/chemical/structure/C2D5Cl/smiles,,,https://cactus.nci.nih.gov/chemical/structure/C2D4Cl/smiles,https://cactus.nci.nih.gov/chemical/structure/HCl/smiles,
1641,3.63,13,-143009,https://cactus.nci.nih.gov/chemical/structure/%28CH3%293SiGeH3/smiles,,,https://cactus.nci.nih.gov/chemical/structure/%28CH3%293SiH/smiles,https://cactus.nci.nih.gov/chemical/structure/%3AGeH2/smiles,
1651,3.98,12,-186244,https://cactus.nci.nih.gov/chemical/structure/%28CH3%293SiSi%28CH3%292OCH3/smiles,,,https://cactus.nci.nih.gov/chemical/structure/%28CH3%293SiOCH3/smiles,https://cactus.nci.nih.gov/chemical/structure/%28CH3%292Si/smiles,
1654,7.94,13,-154649,https://cactus.nci.nih.gov/chemical/structure/%28CH3%293SiCBr%28C6H5%292/smiles,,,https://cactus.nci.nih.gov/chemical/structure/%28CH3%292SiBrC%28CH3%29%28C6H5%292/smiles,,
1692,3.8,16,-232805,https://cactus.nci.nih.gov/chemical/structure/%28CH3%292CHCCl2CH3/smiles,,,https://cactus.nci.nih.gov/chemical/structure/HCl/smiles,https://cactus.nci.nih.gov/chemical/structure/CH2%3DC%28Cl%29CH%28CH3%292/smiles,
1699,1.4,-10,-31678,https://cactus.nci.nih.gov/chemical/structure/Cl2O3/smiles,,,https://cactus.nci.nih.gov/chemical/structure/ClO/smiles,https://cactus.nci.nih.gov/chemical/structure/OClO/smiles,
1700,2.5,12,-41073,https://cactus.nci.nih.gov/chemical/structure/Cl2O3/smiles,,,https://cactus.nci.nih.gov/chemical/structure/ClO/smiles,https://cactus.nci.nih.gov/chemical/structure/OClO/smiles,
1701,2.51,-10,-47309,https://cactus.nci.nih.gov/chemical/structure/Cl2O3/smiles,,,https://cactus.nci.nih.gov/chemical/structure/ClO/smiles,https://cactus.nci.nih.gov/chemical/structure/OClO/smiles,
1708,3.2,-11,1413,https://cactus.nci.nih.gov/chemical/structure/OClO/smiles,,,https://cactus.nci.nih.gov/chemical/structure/ClO/smiles,https://cactus.nci.nih.gov/chemical/structure/ClO/smiles,
1709,3.2,-11,1413,https://cactus.nci.nih.gov/chemical/structure/OClO/smiles,,,https://cactus.nci.nih.gov/chemical/structure/ClO/smiles,https://cactus.nci.nih.gov/chemical/structure/ClO/smiles,
1710,3.4,-11,1330,https://cactus.nci.nih.gov/chemical/structure/OClO/smiles,,,https://cactus.nci.nih.gov/chemical/structure/ClO/smiles,https://cactus.nci.nih.gov/chemical/structure/ClO/smiles,
1711,3.4,-11,1330,https://cactus.nci.nih.gov/chemical/structure/OClO/smiles,,,https://cactus.nci.nih.gov/chemical/structure/ClO/smiles,https://cactus.nci.nih.gov/chemical/structure/ClO/smiles,
1712,3.4,-11,1330,https://cactus.nci.nih.gov/chemical/structure/OClO/smiles,,,https://cactus.nci.nih.gov/chemical/structure/ClO/smiles,https://cactus.nci.nih.gov/chemical/structure/ClO/smiles,
1713,3.4,-11,1330,https://cactus.nci.nih.gov/chemical/structure/OClO/smiles,,,https://cactus.nci.nih.gov/chemical/structure/ClO/smiles,https://cactus.nci.nih.gov/chemical/structure/ClO/smiles,
1714,3.4,-11,1330,https://cactus.nci.nih.gov/chemical/structure/OClO/smiles,,,https://cactus.nci.nih.gov/chemical/structure/ClO/smiles,https://cactus.nci.nih.gov/chemical/structure/ClO/smiles,
1737,5.89,11,-189570,https://cactus.nci.nih.gov/chemical/structure/CH3CHClSi%28C2H5%292Cl/smiles,,,https://cactus.nci.nih.gov/chemical/structure/HCl/smiles,https://cactus.nci.nih.gov/chemical/structure/CH2%3DCHSi%28C2H5%292Cl/smiles,
1786,1.66,-11,-12555,https://cactus.nci.nih.gov/chemical/structure/CH2CH2Cl/smiles,,,https://cactus.nci.nih.gov/chemical/structure/CH2%3DCHCl/smiles,https://cactus.nci.nih.gov/chemical/structure/HCl/smiles,
1815,1.51,13,-217008,https://cactus.nci.nih.gov/chemical/structure/H3SiSiH%28CH3%292/smiles,,,https://cactus.nci.nih.gov/chemical/structure/%28CH3%292Si/smiles,https://cactus.nci.nih.gov/chemical/structure/SiH4/smiles,
1816,3.16,15,-213682,https://cactus.nci.nih.gov/chemical/structure/H3SiSiH%28CH3%292/smiles,,,https://cactus.nci.nih.gov/chemical/structure/%28CH3%292SiH2/smiles,https://cactus.nci.nih.gov/chemical/structure/SiH2/smiles,
1861,5.62,13,-231142,[None],,,[None],https://cactus.nci.nih.gov/chemical/structure/HCl/smiles,
1875,5.25,-11,-3742,https://cactus.nci.nih.gov/chemical/structure/BrO/smiles,,,[None],https://cactus.nci.nih.gov/chemical/structure/BrO2/smiles,
1915,1.59,-13,-41016,https://cactus.nci.nih.gov/chemical/structure/ClCH2OH/smiles,,,https://cactus.nci.nih.gov/chemical/structure/HCl/smiles,https://cactus.nci.nih.gov/chemical/structure/CH2ClO/smiles,
1916,5.99,-12,-6005,https://cactus.nci.nih.gov/chemical/structure/ClCH2OH/smiles,,,https://cactus.nci.nih.gov/chemical/structure/ClCH%28%28.%29%29OH/smiles,https://cactus.nci.nih.gov/chemical/structure/HCl/smiles,
1917,2.63,13,-81149,https://cactus.nci.nih.gov/chemical/structure/SiH2%3DSiH2/smiles,,,https://cactus.nci.nih.gov/chemical/structure/H3SiSiH/smiles,,
1918,5.01,13,-163795,https://cactus.nci.nih.gov/chemical/structure/SiH2%3DSiH2/smiles,,,https://cactus.nci.nih.gov/chemical/structure/H3SiSiH/smiles,,
1919,1,15,-253591,https://cactus.nci.nih.gov/chemical/structure/SiH2%3DSiH2/smiles,,,https://cactus.nci.nih.gov/chemical/structure/SiH2/smiles,https://cactus.nci.nih.gov/chemical/structure/SiH2/smiles,
1938,4.66,-32,-4448,https://cactus.nci.nih.gov/chemical/structure/ClO/smiles,,,https://cactus.nci.nih.gov/chemical/structure/ClClO/smiles,,
1939,4.52,-27,-40026,https://cactus.nci.nih.gov/chemical/structure/ClO/smiles,,,https://cactus.nci.nih.gov/chemical/structure/ClClO/smiles,,
1940,8.01,-11,-1280,https://cactus.nci.nih.gov/chemical/structure/ClO/smiles,,,https://cactus.nci.nih.gov/chemical/structure/ClClO/smiles,,
1941,2.69,-28,-31412,https://cactus.nci.nih.gov/chemical/structure/ClO/smiles,,,https://cactus.nci.nih.gov/chemical/structure/Cl2O/smiles,,
1942,8.4,-32,-4166,https://cactus.nci.nih.gov/chemical/structure/ClO/smiles,,,https://cactus.nci.nih.gov/chemical/structure/Cl2O/smiles,,
1943,6.78,-11,-782,https://cactus.nci.nih.gov/chemical/structure/ClO/smiles,,,https://cactus.nci.nih.gov/chemical/structure/Cl2O/smiles,,
1957,1.34,-29,-20537,https://cactus.nci.nih.gov/chemical/structure/ClO/smiles,,,https://cactus.nci.nih.gov/chemical/structure/Cl2O3/smiles,,
1958,1.1,-17,-3309,https://cactus.nci.nih.gov/chemical/structure/ClO/smiles,,,https://cactus.nci.nih.gov/chemical/structure/Cl2O3/smiles,,
1959,6.95,-16,-649,https://cactus.nci.nih.gov/chemical/structure/ClO/smiles,,,https://cactus.nci.nih.gov/chemical/structure/ClOO/smiles,https://cactus.nci.nih.gov/chemical/structure/ClO/smiles,
1960,1,-22,-649,https://cactus.nci.nih.gov/chemical/structure/ClO/smiles,,,https://cactus.nci.nih.gov/chemical/structure/ClOO/smiles,https://cactus.nci.nih.gov/chemical/structure/ClO/smiles,
1961,9.6,-22,-13885,https://cactus.nci.nih.gov/chemical/structure/ClO/smiles,,,[None],https://cactus.nci.nih.gov/chemical/structure/Cl2O/smiles,
1962,2.71,-31,-3309,https://cactus.nci.nih.gov/chemical/structure/ClO/smiles,,,https://cactus.nci.nih.gov/chemical/structure/ClOClO2/smiles,,
1963,1.6,-12,3575,https://cactus.nci.nih.gov/chemical/structure/ClO/smiles,,,[None],https://cactus.nci.nih.gov/chemical/structure/OClO/smiles,
1964,1.6,-12,3575,https://cactus.nci.nih.gov/chemical/structure/ClO/smiles,,,[None],https://cactus.nci.nih.gov/chemical/structure/OClO/smiles,
1965,1.6,-12,3575,https://cactus.nci.nih.gov/chemical/structure/ClO/smiles,,,[None],https://cactus.nci.nih.gov/chemical/structure/OClO/smiles,
1966,1.6,-12,3575,https://cactus.nci.nih.gov/chemical/structure/ClO/smiles,,,[None],https://cactus.nci.nih.gov/chemical/structure/OClO/smiles,
1967,1.6,-12,3575,https://cactus.nci.nih.gov/chemical/structure/ClO/smiles,,,[None],https://cactus.nci.nih.gov/chemical/structure/OClO/smiles,
1968,1.6,-12,3575,https://cactus.nci.nih.gov/chemical/structure/ClO/smiles,,,[None],https://cactus.nci.nih.gov/chemical/structure/OClO/smiles,
1969,1.91,-12,3243,https://cactus.nci.nih.gov/chemical/structure/ClO/smiles,,,[None],https://cactus.nci.nih.gov/chemical/structure/OClO/smiles,
1970,4.6,-12,2328,https://cactus.nci.nih.gov/chemical/structure/ClO/smiles,,,[None],https://cactus.nci.nih.gov/chemical/structure/OClO/smiles,
1971,6.71,-13,5172,https://cactus.nci.nih.gov/chemical/structure/ClO/smiles,,,[None],https://cactus.nci.nih.gov/chemical/structure/OClO/smiles,
1972,1.6,-12,3542,https://cactus.nci.nih.gov/chemical/structure/ClO/smiles,,,[None],https://cactus.nci.nih.gov/chemical/structure/OClO/smiles,
1973,1.6,-12,3542,https://cactus.nci.nih.gov/chemical/structure/ClO/smiles,,,[None],https://cactus.nci.nih.gov/chemical/structure/OClO/smiles,
1974,3.95,-1,989,https://cactus.nci.nih.gov/chemical/structure/ClO/smiles,,,[None],https://cactus.nci.nih.gov/chemical/structure/OClO/smiles,
1975,4,-1,989,https://cactus.nci.nih.gov/chemical/structure/ClO/smiles,,,[None],https://cactus.nci.nih.gov/chemical/structure/OClO/smiles,
1976,2.9,-12,1829,https://cactus.nci.nih.gov/chemical/structure/ClO/smiles,,,https://cactus.nci.nih.gov/chemical/structure/ClOO/smiles,[None],
1977,2.9,-12,1829,https://cactus.nci.nih.gov/chemical/structure/ClO/smiles,,,https://cactus.nci.nih.gov/chemical/structure/ClOO/smiles,[None],
1978,2.91,-12,1829,https://cactus.nci.nih.gov/chemical/structure/ClO/smiles,,,https://cactus.nci.nih.gov/chemical/structure/ClOO/smiles,[None],
1979,2.91,-12,1829,https://cactus.nci.nih.gov/chemical/structure/ClO/smiles,,,https://cactus.nci.nih.gov/chemical/structure/ClOO/smiles,[None],
1980,2.91,-12,1829,https://cactus.nci.nih.gov/chemical/structure/ClO/smiles,,,https://cactus.nci.nih.gov/chemical/structure/ClOO/smiles,[None],
1981,2.91,-12,1829,https://cactus.nci.nih.gov/chemical/structure/ClO/smiles,,,https://cactus.nci.nih.gov/chemical/structure/ClOO/smiles,[None],
1982,2.09,-12,2145,https://cactus.nci.nih.gov/chemical/structure/ClO/smiles,,,https://cactus.nci.nih.gov/chemical/structure/ClOO/smiles,[None],
1983,2.91,-12,1804,https://cactus.nci.nih.gov/chemical/structure/ClO/smiles,,,https://cactus.nci.nih.gov/chemical/structure/ClOO/smiles,[None],
1984,2.91,-12,1804,https://cactus.nci.nih.gov/chemical/structure/ClO/smiles,,,https://cactus.nci.nih.gov/chemical/structure/ClOO/smiles,[None],
1994,8.72,-32,-7699,https://cactus.nci.nih.gov/chemical/structure/ClO/smiles,,,https://cactus.nci.nih.gov/chemical/structure/Cl%28ClO2%29/smiles,,
1995,8.72,-32,-7699,https://cactus.nci.nih.gov/chemical/structure/ClO/smiles,,,https://cactus.nci.nih.gov/chemical/structure/Cl%28ClO2%29/smiles,,
1996,7.52,-11,-632,https://cactus.nci.nih.gov/chemical/structure/ClO/smiles,,,https://cactus.nci.nih.gov/chemical/structure/Cl%28ClO2%29/smiles,,
1997,7.52,-11,-632,https://cactus.nci.nih.gov/chemical/structure/ClO/smiles,,,https://cactus.nci.nih.gov/chemical/structure/Cl%28ClO2%29/smiles,,
1998,3.5,-13,-11391,https://cactus.nci.nih.gov/chemical/structure/ClO/smiles,,,https://cactus.nci.nih.gov/chemical/structure/OClO/smiles,[None],
1999,3.5,-13,-11391,https://cactus.nci.nih.gov/chemical/structure/ClO/smiles,,,https://cactus.nci.nih.gov/chemical/structure/OClO/smiles,[None],
2000,3.5,-13,-11391,https://cactus.nci.nih.gov/chemical/structure/ClO/smiles,,,https://cactus.nci.nih.gov/chemical/structure/OClO/smiles,[None],
2001,3.5,-13,-11391,https://cactus.nci.nih.gov/chemical/structure/ClO/smiles,,,https://cactus.nci.nih.gov/chemical/structure/OClO/smiles,[None],
2002,3.5,-13,-11391,https://cactus.nci.nih.gov/chemical/structure/ClO/smiles,,,https://cactus.nci.nih.gov/chemical/structure/OClO/smiles,[None],
2003,7.2,-15,-1871,https://cactus.nci.nih.gov/chemical/structure/ClO/smiles,,,https://cactus.nci.nih.gov/chemical/structure/OClO/smiles,[None],
2004,3.5,-13,-11391,https://cactus.nci.nih.gov/chemical/structure/ClO/smiles,,,https://cactus.nci.nih.gov/chemical/structure/OClO/smiles,[None],
2005,2.7,-1,-1788,https://cactus.nci.nih.gov/chemical/structure/ClO/smiles,,,https://cactus.nci.nih.gov/chemical/structure/OClO/smiles,[None],
2006,2.5,3,-25110,https://cactus.nci.nih.gov/chemical/structure/ClO/smiles,,,https://cactus.nci.nih.gov/chemical/structure/OClO/smiles,[None],
2007,6.44,-11,-24079,https://cactus.nci.nih.gov/chemical/structure/ClO/smiles,,,https://cactus.nci.nih.gov/chemical/structure/OClO/smiles,[None],
2008,6.44,-11,-24079,https://cactus.nci.nih.gov/chemical/structure/ClO/smiles,,,https://cactus.nci.nih.gov/chemical/structure/OClO/smiles,[None],
2009,1.22,-33,6926,https://cactus.nci.nih.gov/chemical/structure/ClO/smiles,,,https://cactus.nci.nih.gov/chemical/structure/Cl2O2/smiles,,
2010,5.06,-27,-477251,https://cactus.nci.nih.gov/chemical/structure/ClO/smiles,,,https://cactus.nci.nih.gov/chemical/structure/Cl2O2/smiles,,
2011,4.44,-32,-2794,https://cactus.nci.nih.gov/chemical/structure/ClO/smiles,,,https://cactus.nci.nih.gov/chemical/structure/Cl2O2/smiles,,
2012,4.44,-32,-2794,https://cactus.nci.nih.gov/chemical/structure/ClO/smiles,,,https://cactus.nci.nih.gov/chemical/structure/Cl2O2/smiles,,
2013,3.52,-11,-532,https://cactus.nci.nih.gov/chemical/structure/ClO/smiles,,,https://cactus.nci.nih.gov/chemical/structure/Cl2O2/smiles,,
2014,3.52,-11,-532,https://cactus.nci.nih.gov/chemical/structure/ClO/smiles,,,https://cactus.nci.nih.gov/chemical/structure/Cl2O2/smiles,,
2015,3,-11,-20370,https://cactus.nci.nih.gov/chemical/structure/ClO/smiles,,,https://cactus.nci.nih.gov/chemical/structure/ClOO/smiles,[None],
2016,3,-11,-20370,https://cactus.nci.nih.gov/chemical/structure/ClO/smiles,,,https://cactus.nci.nih.gov/chemical/structure/ClOO/smiles,[None],
2017,3.01,-11,-20370,https://cactus.nci.nih.gov/chemical/structure/ClO/smiles,,,https://cactus.nci.nih.gov/chemical/structure/ClOO/smiles,[None],
2018,3.01,-11,-20370,https://cactus.nci.nih.gov/chemical/structure/ClO/smiles,,,https://cactus.nci.nih.gov/chemical/structure/ClOO/smiles,[None],
2019,3.01,-11,-20370,https://cactus.nci.nih.gov/chemical/structure/ClO/smiles,,,https://cactus.nci.nih.gov/chemical/structure/ClOO/smiles,[None],
2020,2.97,-11,-20370,https://cactus.nci.nih.gov/chemical/structure/ClO/smiles,,,https://cactus.nci.nih.gov/chemical/structure/ClOO/smiles,[None],
2021,3.64,-12,-12056,https://cactus.nci.nih.gov/chemical/structure/ClO/smiles,,,https://cactus.nci.nih.gov/chemical/structure/ClOO/smiles,[None],
2022,1.29,-12,-9562,https://cactus.nci.nih.gov/chemical/structure/ClO/smiles,,,https://cactus.nci.nih.gov/chemical/structure/ClOO/smiles,[None],
2023,1.16,-12,-10476,https://cactus.nci.nih.gov/chemical/structure/ClO/smiles,,,https://cactus.nci.nih.gov/chemical/structure/ClOO/smiles,[None],
2024,1.16,-12,-10476,https://cactus.nci.nih.gov/chemical/structure/ClO/smiles,,,https://cactus.nci.nih.gov/chemical/structure/ClOO/smiles,[None],
2025,8.71,1,-11807,https://cactus.nci.nih.gov/chemical/structure/ClO/smiles,,,https://cactus.nci.nih.gov/chemical/structure/ClOO/smiles,[None],
2026,1.09,-11,-18026,https://cactus.nci.nih.gov/chemical/structure/ClO/smiles,,,https://cactus.nci.nih.gov/chemical/structure/ClOO/smiles,[None],
2027,1.09,-11,-18026,https://cactus.nci.nih.gov/chemical/structure/ClO/smiles,,,https://cactus.nci.nih.gov/chemical/structure/ClOO/smiles,[None],
2070,1.58,14,-197884,https://cactus.nci.nih.gov/chemical/structure/Si2H5Cl/smiles,,,https://cactus.nci.nih.gov/chemical/structure/SiH3Cl/smiles,https://cactus.nci.nih.gov/chemical/structure/SiH2/smiles,
2071,2.51,13,-204536,https://cactus.nci.nih.gov/chemical/structure/Si2H5Cl/smiles,,,https://cactus.nci.nih.gov/chemical/structure/SiH4/smiles,https://cactus.nci.nih.gov/chemical/structure/SiHCl/smiles,
2229,2.36,-13,-23863,https://cactus.nci.nih.gov/chemical/structure/ClO3/smiles,,,https://cactus.nci.nih.gov/chemical/structure/OClO/smiles,https://cactus.nci.nih.gov/chemical/structure/OClO/smiles,
2230,8.1,-13,-20096,https://cactus.nci.nih.gov/chemical/structure/ClO3/smiles,,,https://cactus.nci.nih.gov/chemical/structure/ClOO/smiles,https://cactus.nci.nih.gov/chemical/structure/OClO/smiles,
2231,8.77,-27,-13278,https://cactus.nci.nih.gov/chemical/structure/ClO3/smiles,,,https://cactus.nci.nih.gov/chemical/structure/ClOClO3/smiles,,
2232,3.17,-32,-83802,https://cactus.nci.nih.gov/chemical/structure/ClO3/smiles,,,https://cactus.nci.nih.gov/chemical/structure/ClOClO3/smiles,,
2233,2.44,-10,-682,https://cactus.nci.nih.gov/chemical/structure/ClO3/smiles,,,https://cactus.nci.nih.gov/chemical/structure/ClOClO3/smiles,,
2234,6.48,-9,-14351,https://cactus.nci.nih.gov/chemical/structure/ClO3/smiles,,,https://cactus.nci.nih.gov/chemical/structure/ClOClO3/smiles,,
2235,5.94,40,-371940,https://cactus.nci.nih.gov/chemical/structure/ClO3/smiles,,,https://cactus.nci.nih.gov/chemical/structure/ClOClO3/smiles,,
2241,2.57,12,-193727,https://cactus.nci.nih.gov/chemical/structure/Si2F6/smiles,,,https://cactus.nci.nih.gov/chemical/structure/SiF4/smiles,https://cactus.nci.nih.gov/chemical/structure/SiF2/smiles,
2247,2.11,-33,-1329,https://cactus.nci.nih.gov/chemical/structure/SiH2/smiles,,,https://cactus.nci.nih.gov/chemical/structure/SiH2%3DSiH2/smiles,,
2248,4.72,-33,-1282,https://cactus.nci.nih.gov/chemical/structure/SiH2/smiles,,,https://cactus.nci.nih.gov/chemical/structure/SiH2%3DSiH2/smiles,,
2249,6.22,-33,-1532,https://cactus.nci.nih.gov/chemical/structure/SiH2/smiles,,,https://cactus.nci.nih.gov/chemical/structure/SiH2%3DSiH2/smiles,,
2313,8.07,-34,-725,https://cactus.nci.nih.gov/chemical/structure/SiH3/smiles,,,https://cactus.nci.nih.gov/chemical/structure/SiH2%3DSiH2/smiles,,
2314,1.81,-33,-674,https://cactus.nci.nih.gov/chemical/structure/SiH3/smiles,,,https://cactus.nci.nih.gov/chemical/structure/SiH2%3DSiH2/smiles,,
2315,2.38,-33,-923,https://cactus.nci.nih.gov/chemical/structure/SiH3/smiles,,,https://cactus.nci.nih.gov/chemical/structure/SiH2%3DSiH2/smiles,,
2341,2.19,-11,-13802,https://cactus.nci.nih.gov/chemical/structure/BeH/smiles,,,[None],https://cactus.nci.nih.gov/chemical/structure/HCl/smiles,
2383,1.45,14,-210356,https://cactus.nci.nih.gov/chemical/structure/CH3SiH2SiH3/smiles,,,https://cactus.nci.nih.gov/chemical/structure/SiH4/smiles,https://cactus.nci.nih.gov/chemical/structure/%28CH3%29SiH/smiles,
2384,9.12,13,-207862,https://cactus.nci.nih.gov/chemical/structure/CH3SiH2SiH3/smiles,,,https://cactus.nci.nih.gov/chemical/structure/SiH4/smiles,https://cactus.nci.nih.gov/chemical/structure/%28CH3%29SiH/smiles,
2385,1.38,14,-208693,https://cactus.nci.nih.gov/chemical/structure/CH3SiH2SiH3/smiles,,,https://cactus.nci.nih.gov/chemical/structure/SiH4/smiles,https://cactus.nci.nih.gov/chemical/structure/%28CH3%29SiH/smiles,
2386,3.98,15,-216176,https://cactus.nci.nih.gov/chemical/structure/CH3SiH2SiH3/smiles,,,https://cactus.nci.nih.gov/chemical/structure/CH3SiH3/smiles,https://cactus.nci.nih.gov/chemical/structure/SiH2/smiles,
2387,3.39,15,-215345,https://cactus.nci.nih.gov/chemical/structure/CH3SiH2SiH3/smiles,,,https://cactus.nci.nih.gov/chemical/structure/CH3SiH3/smiles,https://cactus.nci.nih.gov/chemical/structure/SiH2/smiles,
2388,3.8,15,-216176,https://cactus.nci.nih.gov/chemical/structure/CH3SiH2SiH3/smiles,,,https://cactus.nci.nih.gov/chemical/structure/CH3SiH3/smiles,https://cactus.nci.nih.gov/chemical/structure/SiH2/smiles,
2389,1.71,15,-212019,https://cactus.nci.nih.gov/chemical/structure/CH3SiH2SiH3/smiles,,,https://cactus.nci.nih.gov/chemical/structure/CH3SiH3/smiles,https://cactus.nci.nih.gov/chemical/structure/SiH2/smiles,
2390,6.76,-9,-242284,https://cactus.nci.nih.gov/chemical/structure/AlHCl2/smiles,,,https://cactus.nci.nih.gov/chemical/structure/HCl/smiles,[None],
2391,1.63,12,-274511,https://cactus.nci.nih.gov/chemical/structure/AlHCl2/smiles,,,https://cactus.nci.nih.gov/chemical/structure/HCl/smiles,[None],
2392,1.83,-10,-2257,https://cactus.nci.nih.gov/chemical/structure/SiH3Cl/smiles,,,https://cactus.nci.nih.gov/chemical/structure/HCl/smiles,https://cactus.nci.nih.gov/chemical/structure/SiH2Cl/smiles,
2394,4.89,14,-315892,https://cactus.nci.nih.gov/chemical/structure/SiH3Cl/smiles,,,https://cactus.nci.nih.gov/chemical/structure/HCl/smiles,https://cactus.nci.nih.gov/chemical/structure/SiH2/smiles,
2424,4.27,12,-192896,https://cactus.nci.nih.gov/chemical/structure/CH3CHCl%28CH2%292CHClCH3/smiles,,,[None],https://cactus.nci.nih.gov/chemical/structure/HCl/smiles,
2425,1.62,13,-231974,https://cactus.nci.nih.gov/chemical/structure/%28Z%29-CHCl%3DCFCl/smiles,,,https://cactus.nci.nih.gov/chemical/structure/%28E%29-CHCl%3DCFCl/smiles,,
2452,2.97,23,-270220,[None],,,https://cactus.nci.nih.gov/chemical/structure/SiO/smiles,[None],
2453,7.64,17,-230311,[None],,,https://cactus.nci.nih.gov/chemical/structure/SiO/smiles,https://cactus.nci.nih.gov/chemical/structure/SiO/smiles,
2601,1.18,-12,-9229,https://cactus.nci.nih.gov/chemical/structure/Cl2O2/smiles,,,https://cactus.nci.nih.gov/chemical/structure/Cl2O/smiles,https://cactus.nci.nih.gov/chemical/structure/ClO/smiles,
2602,7.6,-11,540,https://cactus.nci.nih.gov/chemical/structure/Cl2O2/smiles,,,[None],https://cactus.nci.nih.gov/chemical/structure/ClOO/smiles,
2603,8.06,-11,981,https://cactus.nci.nih.gov/chemical/structure/Cl2O2/smiles,,,[None],https://cactus.nci.nih.gov/chemical/structure/ClOO/smiles,
2604,3.7,-7,-63938,https://cactus.nci.nih.gov/chemical/structure/Cl2O2/smiles,,,https://cactus.nci.nih.gov/chemical/structure/ClO/smiles,https://cactus.nci.nih.gov/chemical/structure/ClO/smiles,
2605,1,-6,-66516,https://cactus.nci.nih.gov/chemical/structure/Cl2O2/smiles,,,https://cactus.nci.nih.gov/chemical/structure/ClO/smiles,https://cactus.nci.nih.gov/chemical/structure/ClO/smiles,
2606,1.35,-5,-72502,https://cactus.nci.nih.gov/chemical/structure/Cl2O2/smiles,,,https://cactus.nci.nih.gov/chemical/structure/ClO/smiles,https://cactus.nci.nih.gov/chemical/structure/ClO/smiles,
2607,3.11,-5,-72502,https://cactus.nci.nih.gov/chemical/structure/Cl2O2/smiles,,,https://cactus.nci.nih.gov/chemical/structure/ClO/smiles,https://cactus.nci.nih.gov/chemical/structure/ClO/smiles,
2608,7.9,15,-73334,https://cactus.nci.nih.gov/chemical/structure/Cl2O2/smiles,,,https://cactus.nci.nih.gov/chemical/structure/ClO/smiles,https://cactus.nci.nih.gov/chemical/structure/ClO/smiles,
2609,4.8,15,-73334,https://cactus.nci.nih.gov/chemical/structure/Cl2O2/smiles,,,https://cactus.nci.nih.gov/chemical/structure/ClO/smiles,https://cactus.nci.nih.gov/chemical/structure/ClO/smiles,
2610,1.8,15,-70257,https://cactus.nci.nih.gov/chemical/structure/Cl2O2/smiles,,,https://cactus.nci.nih.gov/chemical/structure/ClO/smiles,https://cactus.nci.nih.gov/chemical/structure/ClO/smiles,
2611,9.8,-7,-66349,https://cactus.nci.nih.gov/chemical/structure/Cl2O2/smiles,,,https://cactus.nci.nih.gov/chemical/structure/ClO/smiles,https://cactus.nci.nih.gov/chemical/structure/ClO/smiles,
2612,6.32,-5,-84467,https://cactus.nci.nih.gov/chemical/structure/Cl2O2/smiles,,,https://cactus.nci.nih.gov/chemical/structure/ClO/smiles,https://cactus.nci.nih.gov/chemical/structure/ClO/smiles,
2613,6.32,-5,-84467,https://cactus.nci.nih.gov/chemical/structure/Cl2O2/smiles,,,https://cactus.nci.nih.gov/chemical/structure/ClO/smiles,https://cactus.nci.nih.gov/chemical/structure/ClO/smiles,
2614,3.41,16,-83136,https://cactus.nci.nih.gov/chemical/structure/Cl2O2/smiles,,,https://cactus.nci.nih.gov/chemical/structure/ClO/smiles,https://cactus.nci.nih.gov/chemical/structure/ClO/smiles,
2615,3.41,16,-83136,https://cactus.nci.nih.gov/chemical/structure/Cl2O2/smiles,,,https://cactus.nci.nih.gov/chemical/structure/ClO/smiles,https://cactus.nci.nih.gov/chemical/structure/ClO/smiles,
2669,4.17,13,-319100,https://cactus.nci.nih.gov/chemical/structure/CH2%3DC%28CH3%29CH2CH2Cl/smiles,,,https://cactus.nci.nih.gov/chemical/structure/%28CH3%292C%3DCHCH2Cl/smiles,,
2683,1.86,15,-136357,https://cactus.nci.nih.gov/chemical/structure/C2H5CH%28CH3%29B%28n-C4H9%292/smiles,,,https://cactus.nci.nih.gov/chemical/structure/%28n-C4H9%293B/smiles,,
2684,1,-14,-10975,https://cactus.nci.nih.gov/chemical/structure/BCl3/smiles,,,https://cactus.nci.nih.gov/chemical/structure/NCl/smiles,https://cactus.nci.nih.gov/chemical/structure/BCl2/smiles,
2685,1.69,-13,-10227,https://cactus.nci.nih.gov/chemical/structure/BCl3/smiles,,,https://cactus.nci.nih.gov/chemical/structure/HCl/smiles,https://cactus.nci.nih.gov/chemical/structure/BCl2/smiles,
2686,1.18,-11,-88158,https://cactus.nci.nih.gov/chemical/structure/BCl3/smiles,,,https://cactus.nci.nih.gov/chemical/structure/HCl/smiles,https://cactus.nci.nih.gov/chemical/structure/BCl2/smiles,
2687,6.09,-12,-7533,https://cactus.nci.nih.gov/chemical/structure/BBr3/smiles,,,[None],https://cactus.nci.nih.gov/chemical/structure/BHBr2/smiles,
2698,5.01,12,-167952,https://cactus.nci.nih.gov/chemical/structure/%28CH3O%28CH3%292Si%292/smiles,,,https://cactus.nci.nih.gov/chemical/structure/%28CH3%292Si%28OCH3%292/smiles,https://cactus.nci.nih.gov/chemical/structure/%28CH3%292Si/smiles,
